Основные страницы,Страницы категорий и тегов,Страницы товаров,H1 (Заголовок),Title,Description
https://florida46.ru/,,,Доставка цветов в Курске,Доставка цветов в Курске недорого — Купить букет | Florida,"Заказать цветы с доставкой по Курску.  Свежие букеты, авторская флористика. Бесплатная открытка к заказу, фото перед отправкой. Круглосуточно!"
https://florida46.ru/actions,,,Акции и скидки на цветы,Акции на цветы в Курске — Скидки на букеты и розы | Florida,"Ищете цветы со скидкой?  Актуальные акции на букеты, розы и композиции от салона Florida. Выгодные цены и быстрая доставка по Курску."
https://florida46.ru/zones,,,Зоны и стоимость доставки,"Доставка цветов в Курске: условия, цены и зоны | Florida","Условия доставки цветов по Курску и области от салона Florida.  Узнайте стоимость курьерской доставки в ваш район, способы оплаты и гарантии."
https://florida46.ru/catalog,,,Каталог цветов и букетов,Каталог цветов — Купить букет в Курске с доставкой | Florida,"Полный каталог цветов магазина Florida.  Розы, пионы, хризантемы, сборные букеты и композиции в коробках. Выбирайте и заказывайте онлайн!"
https://florida46.ru/contacts,,,Контакты цветочного салона Florida,Контакты магазина цветов Florida в Курске: адрес и телефон,"Адрес, телефон и график работы цветочного магазина Florida в Курске.  Как проехать, точки самовывоза и связь с флористами для заказа."
https://florida46.ru/hits,,,Хиты продаж: популярные букеты,Популярные букеты цветов — Хиты продаж в Курске | Florida,"Самые заказываемые букеты в салоне Florida.  Выбор наших клиентов: популярные розы, сборные композиции. Проверенное качество и восторг получателя!"
https://florida46.ru/new_tovar,,,Новинки флористики,Новинки букетов — Свежие поступления цветов в Курске | Florida,"Новые коллекции букетов от флористов салона Florida.  Современные тренды, свежие поставки экзотических цветов и авторские композиции."
https://florida46.ru/reviews,,,Отзывы наших клиентов,Отзывы о доставке цветов магазина Florida в Курске,Реальные отзывы клиентов о покупке и доставке цветов в магазине Florida.  Читайте впечатления о наших букетах и работе флористов.
,https://florida46.ru/catalog/cvety-v-korobkax,,Цветы в коробках,Купить цветы в шляпных коробках в Курске — Доставка | Florida,"Заказать живые цветы в шляпных коробках с доставкой по Курску. Стильные композиции, свежие букеты. Круглосуточная доставка от салона Florida."
,https://florida46.ru/catalog/kustovaia-roza,,Кустовые розы,Купить кустовые розы в Курске — Букеты с доставкой | Florida,"Большой выбор букетов из кустовых роз. Заказать свежие розы с быстрой доставкой на дом в Курске. Доступные цены, круглосуточно."
,https://florida46.ru/catalog/miagkie-igruski,,Мягкие игрушки,Мягкие игрушки — Купить плюшевого мишку с доставкой в Курске,Заказать мягкие игрушки и плюшевых медведей в дополнение к букету. Быстрая доставка подарков по Курску от цветочного магазина Florida.
,https://florida46.ru/catalog/monobukety,,Монобукеты,Монобукеты — Купить стильный букет в Курске с доставкой,"Заказать монобукеты из роз, пионов, хризантем и других цветов. Элегантная флористика, свежие цветы и круглосуточная доставка по Курску."
,https://florida46.ru/catalog/odnogolovaia-roza,,Одноголовые розы,Купить одноголовые розы в Курске — Доставка букетов | Florida,"Классические букеты из крупной одноголовой розы. Заказать розы с длинным стеблем в Курске. Свежие поставки, доступные цены, доставка курьером."
,https://florida46.ru/catalog/sbornye-bukety,,Сборные букеты,Сборные и авторские букеты купить в Курске — Доставка | Florida,Уникальные авторские и сборные букеты от флористов салона Florida. Заказать красивый букет с доставкой по Курску. Свежие цветы на любой вкус.
,https://florida46.ru/celebrations/1-sentiabria,,Букеты на 1 сентября,Букеты на 1 сентября — Купить цветы учителю в Курске | Florida,Заказать школьные букеты на 1 сентября. Красивые и недорогие композиции для учителей и первоклассников с доставкой по Курску.
,https://florida46.ru/celebrations/14-fevralia,,Цветы на 14 февраля,Букеты на 14 февраля — Купить цветы на День святого Валентина,"Заказать шикарный букет на 14 февраля в Курске. Романтические композиции, красные розы на День влюбленных с круглосуточной доставкой."
,https://florida46.ru/celebrations/23-fevralia,,Букеты на 23 февраля,Мужские букеты на 23 февраля — Купить в Курске с доставкой,Заказать стильные и брутальные букеты для мужчин на День защитника Отечества. Доставка подарков и цветов по Курску от салона Florida.
,https://florida46.ru/celebrations/8-marta,,Цветы на 8 Марта,Букеты на 8 Марта — Купить цветы к Женскому дню в Курске,"Огромный выбор весенних букетов, тюльпанов и роз на 8 Марта. Заказать цветы с доставкой по Курску для мамы, жены или коллег."
,https://florida46.ru/celebrations/den-materi,,Букеты на День матери,Цветы на День матери — Купить букет маме в Курске | Florida,"Заказать нежный букет ко Дню матери с доставкой на дом. Порадуйте маму свежими цветами, добавим бесплатную открытку с вашим текстом."
,https://florida46.ru/celebrations/den-pobedy,,Цветы на 9 Мая,Букеты на 9 Мая — Купить цветы на День Победы в Курске,Гвоздики и красные розы ко Дню Победы. Заказать цветы на 9 Мая для ветеранов и возложения с доставкой по Курску.
,https://florida46.ru/celebrations/den-rozdeniia,,Букеты на День рождения,Цветы на День рождения — Купить праздничный букет в Курске,"Заказать шикарный букет на День рождения. Подарочные композиции, огромные розы и экзотика с круглосуточной доставкой курьером в Курске."
,https://florida46.ru/celebrations/den-semi,,Букеты на День семьи,"Цветы на День семьи, любви и верности — Купить в Курске","Нежные букеты из ромашек и полевых цветов ко Дню семьи, любви и верности. Заказать праздничные композиции с доставкой от салона Florida."
,https://florida46.ru/celebrations/novyi-god,,Новогодние композиции,Новогодние букеты и композиции — Купить в Курске | Florida,"Заказать зимние букеты, новогодние композиции с нобилисом и еловыми ветками. Праздничное настроение с доставкой по Курску."
,https://florida46.ru/celebrations/tatianin-den,,Цветы на Татьянин день,Букеты на Татьянин день (День студента) — Купить в Курске,Заказать цветы на Татьянин день. Порадуйте студентов и всех Татьян красивыми свежими букетами. Быстрая доставка по Курску.
,https://florida46.ru/celebrations/vypusknoi,,Букеты на выпускной,Цветы на выпускной — Купить букет учителю и выпускникам в Курске,"Заказать красивые букеты на выпускной вечер для учителей, преподавателей и школьников. Доступные цены, своевременная доставка по Курску."
,https://florida46.ru/tags/alstromeriia,,Альстромерии,Купить альстромерии в Курске — Букеты с доставкой | Florida,"Заказать стойкие букеты из альстромерий. Широкий выбор оттенков, свежие цветы и круглосуточная доставка по Курску. Доступные цены."
,https://florida46.ru/tags/gerbery,,Герберы,Купить герберы в Курске — Яркие букеты с доставкой | Florida,"Заказать жизнерадостные букеты из гербер. Свежие цветы, авторские композиции. Оперативная курьерская доставка на дом по Курску."
,https://florida46.ru/tags/gipsofila,,Гипсофила,Купить гипсофилу в Курске — Радужные букеты с доставкой,"Заказать стильные и объемные букеты из цветной гипсофилы. Стойкие композиции, которые долго радуют. Доставка цветов по Курску круглосуточно."
,https://florida46.ru/tags/gortenziia,,Гортензии,Купить гортензию в Курске — Нежные букеты с доставкой,Огромный выбор пышных гортензий различных оттенков. Заказать букет с гортензией с доставкой по Курску. Премиальное качество от салона Florida.
,https://florida46.ru/tags/gvozdiki-diantusy,,Гвоздики (Диантусы),Купить диантусы (гвоздики) в Курске — Букеты с доставкой,Стильные монобукеты и композиции из сортовых диантусов (гвоздик). Заказать стойкие цветы с быстрой курьерской доставкой по Курску.
,https://florida46.ru/tags/lilii,,Лилии,Купить лилии в Курске — Ароматные букеты с доставкой,"Заказать шикарные букеты из свежих лилий. Огромный выбор, доступные цены. Круглосучная доставка цветов на дом в Курске."
,https://florida46.ru/tags/mattiola,,Маттиола,Купить маттиолу в Курске — Ароматные букеты с доставкой,"Заказать букеты с нежной и ароматной маттиолой. Свежие поставки, авторская флористика и своевременная доставка курьером по Курску."
,https://florida46.ru/tags/roza-kustovaia,,Кустовые розы,Кустовые розы купить в Курске — Доставка свежих букетов,"Пышные букеты из кустовой розы. Купить цветы в Курске недорого. Быстрая доставка, бережная упаковка, фото перед отправкой курьером."
,https://florida46.ru/tags/roza-odnogolovaia,,Одноголовые розы,Одноголовые розы купить в Курске — Доставка классических букетов,"Букеты из высоких одноголовых роз. Купить красные, белые и розовые розы в Курске. Свежие цветы, круглосуточная работа курьеров."
,https://florida46.ru/tags/rozy,,Розы,Купить розы в Курске недорого — Доставка букетов роз | Florida,"Огромный выбор свежих роз любой длины и цвета. Кенийские, эквадорские, российские розы. Заказать букет роз с круглосуточной доставкой по Курску."
,https://florida46.ru/tags/tanacetum,,Ромашки (Танацетум),Купить ромашки (танацетум) в Курске — Букеты с доставкой,Заказать летние и нежные букеты из ромашек (танацетума). Свежие полевые цветы с бесплатной открыткой и доставкой на дом в Курске.
,https://florida46.ru/tags/xrizantemy,,Хризантемы,Купить хризантемы в Курске — Объемные букеты с доставкой,"Заказать букеты из стойких кустовых и одноголовых хризантем. Выгодные цены, пышные композиции, круглосуточная доставка по Курску."
,,https://florida46.ru/tovar/51-odnogolovaia-roza-miks,,,
,,https://florida46.ru/tovar/abrikos-sbornyi-buket,,,
,,https://florida46.ru/tovar/akvarel-sbornyi-avtorskii-buket,,,
,,https://florida46.ru/tovar/alaia-strastbuket-iz-francuzskix-roz,,,
,,https://florida46.ru/tovar/alstromeriia-aura-buket-iz-alstromerii,,,
,,https://florida46.ru/tovar/anastasiia-sbornyi-buket,,,
,,https://florida46.ru/tovar/antonina-buket-iz-kustovyx-roz,,,
,,https://florida46.ru/tovar/aromatnyimonobuket-iz-21-rozy,,,
,,https://florida46.ru/tovar/azurnyimonobuket-iz-5-lilii,,,
,,https://florida46.ru/tovar/babocka-sbornyi-buket,,,
,,https://florida46.ru/tovar/belaia-neznost,,,
,,https://florida46.ru/tovar/belo-rozovyi-buket-s-pionami-i-rozoi,,,
,,https://florida46.ru/tovar/belo-sinii-buket-iz-xrizantem,,,
,,https://florida46.ru/tovar/belosnezka-buket-iz-odnogolovoi-rozy-xrizantemy-diantusov-i-kustovoi-rozy,,,
,,https://florida46.ru/tovar/belosneznye-obiatiia,,,
,,https://florida46.ru/tovar/belyi-buket-iz-xrizantem,,,
,,https://florida46.ru/tovar/belyi-sepotmonobuket-iz-eustomy,,,
,,https://florida46.ru/tovar/buket-aktualnyi,,,
,,https://florida46.ru/tovar/buket-iz-101-beloi-rozy,,,
,,https://florida46.ru/tovar/buket-iz-101-krasnoi-rozy,,,
,,https://florida46.ru/tovar/buket-iz-101-rozy-serdce,,,
,,https://florida46.ru/tovar/buket-iz-15-krasnyx-roz,,,
,,https://florida46.ru/tovar/buket-iz-35-krasnyx-roz,,,
,,https://florida46.ru/tovar/buket-iz-alstromerii,,,
,,https://florida46.ru/tovar/buket-iz-beloi-kustovoi-rozy,,,
,,https://florida46.ru/tovar/buket-iz-belyx-kustovyx-roz-i-lavandovoi-staticy,,,
,,https://florida46.ru/tovar/buket-iz-krasnyx-francuzskix-roz,,,
,,https://florida46.ru/tovar/buket-iz-krasnyx-francuzskix-roz-i-evkalipta,,,
,,https://florida46.ru/tovar/buket-iz-kustovoi-rozy-barbados,,,
,,https://florida46.ru/tovar/buket-k-14-fevralia-11-pionovidnyx-roz-s-evkaliptom,,,
,,https://florida46.ru/tovar/buket-k-14-fevralia-7-pionovidnyx-roz-s-evkaliptom,,,
,,https://florida46.ru/tovar/buket-mi-mi-mi,,,
,,https://florida46.ru/tovar/buket-miagkoe-oblako,,,
,,https://florida46.ru/tovar/buket-milaia-romaska,,,
,,https://florida46.ru/tovar/buket-motylek,,,
,,https://florida46.ru/tovar/buket-priiatnyi-vecer,,,
,,https://florida46.ru/tovar/buket-s-beloi-kustovoi-rozoi,,,
,,https://florida46.ru/tovar/buket-s-kustovoi-rozoi-i-kustovymi-xrizantemami,,,
,,https://florida46.ru/tovar/buket-samyi-lucsii,,,
,,https://florida46.ru/tovar/buket-sbornyi-s-kustovoi-rozoi-xrizantemoi-i-eustomoi,,,
,,https://florida46.ru/tovar/cainaia-rozasbornyi-avtorskii-buket,,,
,,https://florida46.ru/tovar/cernicka-sbornyi-buket,,,
,,https://florida46.ru/tovar/cupa-cups-sbornyi-buket-s-pionami,,,
,,https://florida46.ru/tovar/cvetik-sbornyi-buket,,,
,,https://florida46.ru/tovar/cvetocnaia-polianasbornyi-buket,,,
,,https://florida46.ru/tovar/cvetocnaia-skatulkakorobka-s-kustovymi-i-francuzskimi-rozami,,,
,,https://florida46.ru/tovar/cvetocnoe-oblakosbornyi-buket-iz-kustovoi-xrizantemykustovoi-rozy-i-eustomy,,,
,,https://florida46.ru/tovar/cvetushhii-sad-sbornyi-buket,,,
,,https://florida46.ru/tovar/dlia-neebuket-iz-xrizantem-i-francuzskix-roz,,,
,,https://florida46.ru/tovar/dofaminovyi-buket-1,,,
,,https://florida46.ru/tovar/dofaminovyi-buket-2,,,
,,https://florida46.ru/tovar/dofaminovyi-buket-3,,,
,,https://florida46.ru/tovar/dofaminovyi-buket-4,,,
,,https://florida46.ru/tovar/duska-sbornyi-buket,,,
,,https://florida46.ru/tovar/ezevikasbornyi-avtorskii-buket,,,
,,https://florida46.ru/tovar/farfor-sbornyi-buket-iz-francuzskix-roz-i-kustovoi-xrizantemy,,,
,,https://florida46.ru/tovar/feia-buket-iz-mattioly-kustovoi-rozy-odnogolovoi-rozy-diantusov,,,
,,https://florida46.ru/tovar/fuksiia-monobuket-iz-malinovyx-francuzskix-roz,,,
,,https://florida46.ru/tovar/golubika-sbornyi-buket,,,
,,https://florida46.ru/tovar/goluboi-ogonek-buket-s-gortenziei-kustovoi-rozoi-i-xrizantemoi,,,
,,https://florida46.ru/tovar/iabloko-sbornyi-buket,,,
,,https://florida46.ru/tovar/iagodka-buket-s-diantusami-kustovoi-rozoi-i-xrizantemoi,,,
,,https://florida46.ru/tovar/iagodnyi-fres-sbornyi-buket,,,
,,https://florida46.ru/tovar/iana-buket-iz-kustovoi-rozy,,,
,,https://florida46.ru/tovar/idilliiasbornyi-buket-iz-xrizantemkustovyx-roz-i-eustomy,,,
,,https://florida46.ru/tovar/iriska-xl,,,
,,https://florida46.ru/tovar/iriska-xs,,,
,,https://florida46.ru/tovar/iskrennost-sbornyi-buket,,,
,,https://florida46.ru/tovar/iunost-sbornyi-avtorskii-buket,,,
,,https://florida46.ru/tovar/iziuminka-buket-s-gortenziei-dianutsami-gerberami,,,
,,https://florida46.ru/tovar/kapriz-buket-iz-xrizantemy-rozy-diantusov-i-tanacetuma,,,
,,https://florida46.ru/tovar/karamel-sbornyi-buket,,,
,,https://florida46.ru/tovar/klassiceskii-buket-s-rozoi-kallami-xrizantemoi,,,
,,https://florida46.ru/tovar/klassika-buket-iz-krasnoi-kustovoi-rozy,,,
,,https://florida46.ru/tovar/klassika-xl,,,
,,https://florida46.ru/tovar/klubnicnyi-sbornyi-buket,,,
,,https://florida46.ru/tovar/kokos-sbornyi-avtorskii-buket,,,
,,https://florida46.ru/tovar/kokteilsbornyi-avtorskii-buket,,,
,,https://florida46.ru/tovar/kompoziciia-niusa,,,
,,https://florida46.ru/tovar/kompoziciia-v-sliapnoi-korobke-iz-kustovoi-i-odnogolovoi-rozy-diantusov,,,
,,https://florida46.ru/tovar/konfettisbornyi-buket,,,
,,https://florida46.ru/tovar/kontrastsbornyi-buket-iz-xrizantem-eustomy-i-roz,,,
,,https://florida46.ru/tovar/kopeika-sbornyi-buket,,,
,,https://florida46.ru/tovar/korallmonobuket-iz-pionov,,,
,,https://florida46.ru/tovar/korobka-liubvi,,,
,,https://florida46.ru/tovar/korobka-neznosti,,,
,,https://florida46.ru/tovar/korzina-premium,,,
,,https://florida46.ru/tovar/korzina-s-cvetami,,,
,,https://florida46.ru/tovar/korzina-s-romaskami,,,
,,https://florida46.ru/tovar/krasnaia-koroleva-kompoziciia-s-odnogolovoi-kustovoi-rozoi-i-diantusami,,,
,,https://florida46.ru/tovar/krasnyi-barxat-buket-s-kustovoi-rozoi-i-kustovoi-xrizantemoi,,,
,,https://florida46.ru/tovar/kruzevosbornyi-avtorskii-buket,,,
,,https://florida46.ru/tovar/lavandamonobuket-iz-kustvooi-rozy,,,
,,https://florida46.ru/tovar/lavender-sbornyi-buket-iz-kustovyx-roz-i-kustovyx-xrizantem,,,
,,https://florida46.ru/tovar/led-i-plamiasbornyi-buket,,,
,,https://florida46.ru/tovar/ledenec-buket-iz-eustomy-rozy,,,
,,https://florida46.ru/tovar/legkii-buket-iz-odnogolovoi-rozy-xrizantemy-evkalipta,,,
,,https://florida46.ru/tovar/letnii-briz,,,
,,https://florida46.ru/tovar/letnii-buketik-s-kustovoi-xrizantemoi-i-tanacetumom,,,
,,https://florida46.ru/tovar/limoncik-mono-buket-iz-georgin,,,
,,https://florida46.ru/tovar/limonka-sbornyi-avtorskii-buket,,,
,,https://florida46.ru/tovar/luc-solnca,,,
,,https://florida46.ru/tovar/lucik-buket-iz-xrizantemy-i-alstromerii,,,
,,https://florida46.ru/tovar/luna-kompoziciia-sbornaia,,,
,,https://florida46.ru/tovar/malenkii-nezenka,,,
,,https://florida46.ru/tovar/malenkii-princ-buket-na-vypisku,,,
,,https://florida46.ru/tovar/malinkasbornyi-buket,,,
,,https://florida46.ru/tovar/malinovaia-mecta,,,
,,https://florida46.ru/tovar/malinovyi-rai,,,
,,https://florida46.ru/tovar/malinovyisbornyi-buket-iz-kustovoi-rozy-i-xrizantem,,,
,,https://florida46.ru/tovar/mame-m-kompoziciia-iz-xrizantemy-i-kustovyx-roz,,,
,,https://florida46.ru/tovar/mame-s-kompoziciia-iz-xrizantemy-kustovyx-roz-i-alstromerii,,,
,,https://florida46.ru/tovar/mandala-buket-iz-francuzskix-roz,,,
,,https://florida46.ru/tovar/maniia-buket-iz-11-pionov-i-tanacetuma,,,
,,https://florida46.ru/tovar/melodiia-liubvi-kompoziciia-iz-roz,,,
,,https://florida46.ru/tovar/miatnyi-cai-sbornyi-buket,,,
,,https://florida46.ru/tovar/milenkii-sbornyi-buket,,,
,,https://florida46.ru/tovar/miraz-sbornyi-avtorskii-buket,,,
,,https://florida46.ru/tovar/mono-buket-iz-belyx-roz-21-st,,,
,,https://florida46.ru/tovar/mono-buket-iz-kustovoi-rozy-bombastik,,,
,,https://florida46.ru/tovar/mono-buket-iz-kustovyx-roz-sofiia,,,
,,https://florida46.ru/tovar/mono-buket-s-kustovoi-rozoi-lav-lidiia,,,
,,https://florida46.ru/tovar/monobuket-iz-beloi-kustovoi-rozy-i-gipsofily,,,
,,https://florida46.ru/tovar/monobuket-iz-belyx-francuzskix-roz,,,
,,https://florida46.ru/tovar/monobuket-iz-belyx-pionov,,,
,,https://florida46.ru/tovar/monobuket-iz-rozovyx-pionov,,,
,,https://florida46.ru/tovar/monobuket-iz-trex-lilii,,,
,,https://florida46.ru/tovar/morskoi-sbornyi-buket,,,
,,https://florida46.ru/tovar/moxito-mono-buket-iz-roz,,,
,,https://florida46.ru/tovar/ne-milenkii-sbornyi-buket,,,
,,https://florida46.ru/tovar/nebesnyi-buket-s-gortenziei-diantusami-odnogolovoi-rozoi-i-xlopkom,,,
,,https://florida46.ru/tovar/nezenka-xxl,,,
,,https://florida46.ru/tovar/neznaia-korzinakorzina-s-kustovymi-rozami-i-xrizantemoi,,,
,,https://florida46.ru/tovar/neznaia-svezest,,,
,,https://florida46.ru/tovar/neznost-xl,,,
,,https://florida46.ru/tovar/neznostsbornyi-buket-iz-roz-i-gortenzii,,,
,,https://florida46.ru/tovar/neznye-sny,,,
,,https://florida46.ru/tovar/neznyi-aromat-buket-s-rozami-liliei-eustomoi,,,
,,https://florida46.ru/tovar/neznyimonobuket-iz-rozovoi-kustovoi-rozy,,,
,,https://florida46.ru/tovar/nina-sbornyi-buket,,,
,,https://florida46.ru/tovar/niudsbornyi-buket-iz-gortenzii-kustovoi-rozy-i-diantusov,,,
,,https://florida46.ru/tovar/obaianie-sbornyi-buket-iz-kustovyx-rozxrizantem-i-diantusov,,,
,,https://florida46.ru/tovar/oblakobuket-iz-gortenzii-i-kustovyx-roz,,,
,,https://florida46.ru/tovar/ognennaia-neznost-buket-iz-francuzskix-roz-i-alstromerii,,,
,,https://florida46.ru/tovar/ogonbuket-iz-kustovyx-i-odnogolovyx-roz,,,
,,https://florida46.ru/tovar/oranz-buket-sbornyi,,,
,,https://florida46.ru/tovar/orxideia-sbornyi-buket,,,
,,https://florida46.ru/tovar/persikovaia-mecta-buket-s-xrizantemoi-i-kustovoi-rozoi,,,
,,https://florida46.ru/tovar/persikovyi-buket-buket-iz-kustovoi-rozy,,,
,,https://florida46.ru/tovar/persikovyi-buket-iz-kustovoi-rozy,,,
,,https://florida46.ru/tovar/persikovyi-sad,,,
,,https://florida46.ru/tovar/pescanyi-bereg-buket-s-kustovoi-rozoi-i-gortenziei,,,
,,https://florida46.ru/tovar/pikmi-buket-s-kustovoi-rozoi-diantusami-i-evkaliptom,,,
,,https://florida46.ru/tovar/pionciki-buket-iz-pionov-i-kustovoi-rozy,,,
,,https://florida46.ru/tovar/pionovyi-buket-15-st,,,
,,https://florida46.ru/tovar/pocelui-sbornyi-buket,,,
,,https://florida46.ru/tovar/poncik-sbornyi-buket,,,
,,https://florida46.ru/tovar/prianyi-buket-s-eustomoi-i-kustovoi-rozoi,,,
,,https://florida46.ru/tovar/princessa-buket-s-rozoi-xrizantemoi-dianutsami,,,
,,https://florida46.ru/tovar/priznanie-buket-sbornyi,,,
,,https://florida46.ru/tovar/pudra-sbornyi-avtorskii-buket,,,
,,https://florida46.ru/tovar/purpurnyi-mono-buket-iz-pionov,,,
,,https://florida46.ru/tovar/pusistaia-neznost,,,
,,https://florida46.ru/tovar/radugasbornyi-avtorskii-buket,,,
,,https://florida46.ru/tovar/raduznyi-sbornyi-buket,,,
,,https://florida46.ru/tovar/romans-korobka-iz-francuzskix-roz,,,
,,https://florida46.ru/tovar/romaskovoe-nastroeniebuket-iz-kustovoi-rozy-i-tanacetuma,,,
,,https://florida46.ru/tovar/romaskovyi-buket-1,,,
,,https://florida46.ru/tovar/romaskovyi-buket-2,,,
,,https://florida46.ru/tovar/romaskovyi-buket-3,,,
,,https://florida46.ru/tovar/rosa-sbornyi-buket,,,
,,https://florida46.ru/tovar/rozovaia-neznost,,,
,,https://florida46.ru/tovar/rozovinka-buket-s-gerberoi-xrizantemoi-kustovoi-rozoi,,,
,,https://florida46.ru/tovar/rozovoe-nastroenie-monobuket-iz-rozovoi-kustovoi-rozy,,,
,,https://florida46.ru/tovar/rozovye-sny,,,
,,https://florida46.ru/tovar/rozovyi-bombastik-buket-iz-kustovoi-rozy,,,
,,https://florida46.ru/tovar/rozovyi-rai,,,
,,https://florida46.ru/tovar/rozovyi-sepot-monobuket-iz-eustomy,,,
,,https://florida46.ru/tovar/rozovyimonobuket-iz-kustovoi-rozy,,,
,,https://florida46.ru/tovar/s-liuboviu,,,
,,https://florida46.ru/tovar/sakura-sbornyi-buket,,,
,,https://florida46.ru/tovar/sampan-sbornyi-buket,,,
,,https://florida46.ru/tovar/saxarnaia-vatasbornyi-buket-iz-rozgortenzii-i-diantusov,,,
,,https://florida46.ru/tovar/saxarnyi-sbornyi-buket-s-pionami,,,
,,https://florida46.ru/tovar/sbornyi-buket-iz-kustovoi-rozy-xrizantemy-i-staticy,,,
,,https://florida46.ru/tovar/sbornyi-buket-s-romaskoi,,,
,,https://florida46.ru/tovar/selksbornyi-buket,,,
,,https://florida46.ru/tovar/semia-sbornyi-buket,,,
,,https://florida46.ru/tovar/serdce-buket-sbornyi,,,
,,https://florida46.ru/tovar/serebro-buket-iz-roz-mattioly-i-xrizantemy,,,
,,https://florida46.ru/tovar/sezonnaia-kompoziciia-sbornaia,,,
,,https://florida46.ru/tovar/siiaiushhaia-liubov,,,
,,https://florida46.ru/tovar/sik-sbornyi-buket-s-gladiolusami,,,
,,https://florida46.ru/tovar/silvamonobuket-iz-kustovoi-rozy,,,
,,https://florida46.ru/tovar/siren-buket-s-kustovoi-rozoi-eustomoi-i-mattioloi,,,
,,https://florida46.ru/tovar/sirenevyimonobuket-iz-kustovoi-rozy,,,
,,https://florida46.ru/tovar/sizyi-buket-s-gortenziei-kustovoi-rozoi-xlopkom,,,
,,https://florida46.ru/tovar/skazocnyi-buket-sbornyi,,,
,,https://florida46.ru/tovar/sladkie-mecty-sbornyi-buket-iz-xrizantem-i-kustovoi-rozy,,,
,,https://florida46.ru/tovar/sladost-buket-s-gortenziei-rozoi-xrizantemoi-xlopkom,,,
,,https://florida46.ru/tovar/slivkisbornyi-buket,,,
,,https://florida46.ru/tovar/slivocnaia-siren-sbornyi-buket,,,
,,https://florida46.ru/tovar/sneznyibuket-s-eustomoi-i-kustovoi-rozoi,,,
,,https://florida46.ru/tovar/sofiia-buket-s-kustovoi-rozoi-i-xrizantemoi,,,
,,https://florida46.ru/tovar/solnce-korzina-s-cvetami,,,
,,https://florida46.ru/tovar/solnecnyi-buket-iz-xrizantemy-i-tanacetuma,,,
,,https://florida46.ru/tovar/solnecnyi-xl,,,
,,https://florida46.ru/tovar/soneckamonobuket-iz-kustovoi-rozy,,,
,,https://florida46.ru/tovar/svetlyi-buket-sbornyi,,,
,,https://florida46.ru/tovar/trava-sbornyi-buket,,,
,,https://florida46.ru/tovar/tucka-buket-s-pionom-xrizantemoi-i-kustovoi-rozoi,,,
,,https://florida46.ru/tovar/tuman-sbornyi-buket,,,
,,https://florida46.ru/tovar/udacnyi-sbornyi-buket,,,
,,https://florida46.ru/tovar/vanil-buket-iz-odnogolvoi-rozy-xrizantemy-kustovoi-rozy,,,
,,https://florida46.ru/tovar/vdoxnoveniebuket-iz-xrizantemykustovoi-rozy-i-diantusov,,,
,,https://florida46.ru/tovar/vesna-sbornyi-buket-iz-kustovyx-rozdiantusov-i-eustomy,,,
,,https://florida46.ru/tovar/volna-buket-iz-roz-gortenziixlopka,,,
,,https://florida46.ru/tovar/volsebnyi-sad-buket-s-kustovoi-xrizantemoi-kustovymi-rozami-diantusami,,,
,,https://florida46.ru/tovar/vostorgmogobuket-iz-kustovoi-rozy,,,
,,https://florida46.ru/tovar/vozdusnyibuket-s-gortenziei-i-odnogolovoi-rozoi,,,
,,https://florida46.ru/tovar/xs-boconok,,,
,,https://florida46.ru/tovar/zaria-monobuket-iz-kustovyx-roz,,,
,,https://florida46.ru/tovar/zefirnyi-buket-s-gortenziei-francuzskoi-rozoi-i-gipsofiloi,,,
,,https://florida46.ru/tovar/zemcugavtorskii-buket,,,